suburb,postcode,primary_postcode_sales_rows,suburb_total_sales_rows,primary_postcode_share
PORT MACQUARIE,2444,182,182,1.0
ORANGE,2800,172,172,1.0
PARRAMATTA,2150,125,125,1.0
BLACKTOWN,2148,119,119,1.0
DUBBO,2830,114,114,1.0
LIVERPOOL,2170,106,106,1.0
COFFS HARBOUR,2450,105,105,1.0
GOULBURN,2580,105,105,1.0
CASTLE HILL,2154,103,103,1.0
RYDE,2112,103,103,1.0
ARMIDALE,2350,100,100,1.0
CRONULLA,2230,94,94,1.0
BAULKHAM HILLS,2153,89,89,1.0
MOSMAN,2088,87,87,1.0
MACQUARIE PARK,2113,86,86,1.0
BROKEN HILL,2880,85,85,1.0
BOX HILL,2765,84,84,1.0
PENRITH,2750,80,80,1.0
CARLINGFORD,2118,79,79,1.0
EPPING,2121,79,79,1.0
HURSTVILLE,2220,77,77,1.0
CARINGBAH,2229,76,76,1.0
WOLLONGONG,2500,76,76,1.0
MAROUBRA,2035,74,74,1.0
MASCOT,2020,72,72,1.0
SYDNEY,2000,72,72,1.0
MARSDEN PARK,2765,71,71,1.0
MERRYLANDS,2160,70,70,1.0
ROUSE HILL,2155,70,70,1.0
CAMPBELLTOWN,2560,69,69,1.0
MANLY,2095,69,69,1.0
RANDWICK,2031,69,69,1.0
WILLOUGHBY,2068,69,69,1.0
AUSTRAL,2179,68,68,1.0
LIDCOMBE,2141,68,68,1.0
BANKSTOWN,2200,67,67,1.0
SCHOFIELDS,2762,67,67,1.0
DEE WHY,2099,65,65,1.0
QUAKERS HILL,2763,65,65,1.0
MUSWELLBROOK,2333,64,64,1.0
AUBURN,2144,63,63,1.0
STRATHFIELD,2135,61,61,1.0
ASHFIELD,2131,60,60,1.0
MIRANDA,2228,60,60,1.0
SURRY HILLS,2010,60,60,1.0
INVERELL,2360,58,58,1.0
ST IVES,2075,58,58,1.0
FORSTER,2428,57,57,1.0
LAVINGTON,2641,57,57,1.0
MUDGEE,2850,57,57,1.0
WAHROONGA,2076,57,57,1.0
ORAN PARK,2570,56,56,1.0
WENTWORTH POINT,2127,56,56,1.0
CAMPSIE,2194,55,55,1.0
CHATSWOOD,2067,55,55,1.0
TAREE,2430,55,55,1.0
COOGEE,2034,54,54,1.0
GRIFFITH,2680,54,54,1.0
ROCKDALE,2216,54,54,1.0
BOWRAL,2576,53,53,1.0
CARINGBAH SOUTH,2229,53,53,1.0
ZETLAND,2017,53,53,1.0
ERSKINEVILLE,2043,52,52,1.0
NORTH KELLYVILLE,2155,52,52,1.0
TWEED HEADS,2485,52,52,1.0
ALEXANDRIA,2015,51,51,1.0
KELLYVILLE,2155,51,51,1.0
WENTWORTHVILLE,2145,51,51,1.0
CABRAMATTA,2166,50,50,1.0
GUILDFORD,2161,50,50,1.0
ROSEBERY,2018,50,50,1.0
WALLSEND,2287,50,50,1.0
EASTWOOD,2122,48,48,1.0
GREYSTANES,2145,48,48,1.0
POTTS POINT,2011,48,48,1.0
WATERLOO,2017,48,48,1.0
BURWOOD,2134,47,47,1.0
NORTH SYDNEY,2060,47,47,1.0
TOONGABBIE,2146,46,46,1.0
GLENMORE PARK,2745,45,45,1.0
LANE COVE,2066,45,45,1.0
TERRIGAL,2260,45,45,1.0
UMINA BEACH,2257,45,45,1.0
BANORA POINT,2486,44,44,1.0
CHARLESTOWN,2290,44,44,1.0
GOSFORD,2250,44,44,1.0
INGLEBURN,2565,44,44,1.0
KIRRAWEE,2232,44,44,1.0
RHODES,2138,44,44,1.0
DARLINGHURST,2010,43,43,1.0
EASTGARDENS,2036,43,43,1.0
MOAMA,2731,43,43,1.0
BONDI BEACH,2026,42,42,1.0
CESSNOCK,2325,42,42,1.0
CREMORNE,2090,42,42,1.0
MARRICKVILLE,2204,42,42,1.0
MELONBA,2765,42,42,1.0
ST MARYS,2760,42,42,1.0
SUTHERLAND,2232,42,42,1.0
LEICHHARDT,2040,41,41,1.0
ROSEVILLE,2069,41,41,1.0
RUTHERFORD,2320,41,41,1.0
ST LEONARDS,2065,41,41,1.0
NEWTOWN,2042,40,40,1.0
SYLVANIA,2224,40,40,1.0
BERKELEY VALE,2261,39,39,1.0
HORNSBY,2077,39,39,1.0
LINDFIELD,2070,39,39,1.0
SANCTUARY POINT,2540,39,39,1.0
WEST PENNANT HILLS,2125,39,39,1.0
WESTMEAD,2145,39,39,1.0
KINGSCLIFF,2487,38,38,1.0
MOSS VALE,2577,38,38,1.0
PADDINGTON,2021,38,38,1.0
PUNCHBOWL,2196,38,38,1.0
BELLEVUE HILL,2023,37,37,1.0
DOUBLE BAY,2028,37,37,1.0
FAIRFIELD,2165,37,37,1.0
GRANVILLE,2142,37,37,1.0
NELSON BAY,2315,37,37,1.0
SEVEN HILLS,2147,37,37,1.0
TAHMOOR,2573,37,37,1.0
VAUCLUSE,2030,37,37,1.0
BOTANY,2019,36,36,1.0
CASULA,2170,36,36,1.0
COWRA,2794,36,36,1.0
ENGADINE,2233,36,36,1.0
GOOGONG,2620,36,36,1.0
KOGARAH,2217,36,36,1.0
LAKEMBA,2195,36,36,1.0
MOREE,2400,36,36,1.0
RAYMOND TERRACE,2324,36,36,1.0
MOUNT DRUITT,2770,35,35,1.0
REVESBY,2212,35,35,1.0
ALBION PARK,2527,34,34,1.0
CAMMERAY,2062,34,34,1.0
CRANEBROOK,2749,34,34,1.0
EAST MAITLAND,2323,34,34,1.0
GOONELLABAH,2480,34,34,1.0
LANE COVE NORTH,2066,34,34,1.0
LEPPINGTON,2179,34,34,1.0
PADSTOW,2211,34,34,1.0
THURGOONA,2640,34,34,1.0
WOOLOOWARE,2230,34,34,1.0
CONDELL PARK,2200,33,33,1.0
GLADESVILLE,2111,33,33,1.0
GORDON,2072,33,33,1.0
GOROKAN,2263,33,33,1.0
GREENACRE,2190,33,33,1.0
MOOREBANK,2170,33,33,1.0
NORTHMEAD,2152,33,33,1.0
CHESTER HILL,2162,32,32,1.0
DRUMMOYNE,2047,32,32,1.0
HOMEBUSH,2140,32,32,1.0
PARKES,2870,32,32,1.0
SANS SOUCI,2219,32,32,1.0
ST CLAIR,2759,32,32,1.0
YAMBA,2464,32,32,1.0
BONDI,2026,31,31,1.0
FORBES,2871,31,31,1.0
KATOOMBA,2780,31,31,1.0
NEWCASTLE WEST,2302,31,31,1.0
PYRMONT,2009,31,31,1.0
ROSE BAY,2029,31,31,1.0
THE ENTRANCE,2261,31,31,1.0
WAGGA WAGGA,2650,31,31,1.0
WEST RYDE,2114,31,31,1.0
WOLLI CREEK,2205,31,31,1.0
BATEAU BAY,2261,30,30,1.0
BELROSE,2085,30,30,1.0
CAMPERDOWN,2050,30,30,1.0
CASINO,2470,30,30,1.0
GUNNEDAH,2380,30,30,1.0
KILLARA,2071,30,30,1.0
MEDOWIE,2318,30,30,1.0
PETERSHAM,2049,30,30,1.0
REDFERN,2016,30,30,1.0
RIVERSTONE,2765,30,30,1.0
SOUTH PENRITH,2750,30,30,1.0
TALLAWONG,2762,30,30,1.0
THORNTON,2322,30,30,1.0
ULTIMO,2007,30,30,1.0
YAGOONA,2199,30,30,1.0
BALGOWLAH,2093,29,29,1.0
BALMAIN,2041,29,29,1.0
BELMORE,2192,29,29,1.0
NORTH ROTHBURY,2335,29,29,1.0
OATLEY,2223,29,29,1.0
OLD BAR,2430,29,29,1.0
PYMBLE,2073,29,29,1.0
WOY WOY,2256,29,29,1.0
WYOMING,2250,29,29,1.0
YASS,2582,29,29,1.0
AVALON BEACH,2107,28,28,1.0
COORANBONG,2265,28,28,1.0
FAIRY MEADOW,2519,28,28,1.0
GLEN INNES,2370,28,28,1.0
KELSO,2795,28,28,1.0
MONA VALE,2103,28,28,1.0
MOUNT ANNAN,2567,28,28,1.0
NARRABEEN,2101,28,28,1.0
NEW LAMBTON,2305,28,28,1.0
NEWCASTLE,2300,28,28,1.0
NORTH PARRAMATTA,2151,28,28,1.0
PENSHURST,2222,28,28,1.0
ROOTY HILL,2766,28,28,1.0
WAUCHOPE,2446,28,28,1.0
WOLLSTONECRAFT,2065,28,28,1.0
WOONONA,2517,28,28,1.0
BALLINA,2478,27,27,1.0
BONDI JUNCTION,2022,27,27,1.0
BOSSLEY PARK,2176,27,27,1.0
CHERRYBROOK,2126,27,27,1.0
CHISHOLM,2322,27,27,1.0
CORRIMAL,2518,27,27,1.0
DENILIQUIN,2710,27,27,1.0
EAST ALBURY,2640,27,27,1.0
EDMONDSON PARK,2174,27,27,1.0
LENNOX HEAD,2478,27,27,1.0
MARSFIELD,2122,27,27,1.0
SPRING FARM,2570,27,27,1.0
TURRAMURRA,2074,27,27,1.0
WILTON,2571,27,27,1.0
YOUNG,2594,27,27,1.0
BATHURST,2795,26,26,1.0
BOAMBEE EAST,2452,26,26,1.0
DULWICH HILL,2203,26,26,1.0
GEORGES HALL,2198,26,26,1.0
GYMEA,2227,26,26,1.0
HAMLYN TERRACE,2259,26,26,1.0
KIAMA,2533,26,26,1.0
KOORINGAL,2650,26,26,1.0
LEURA,2780,26,26,1.0
LITHGOW,2790,26,26,1.0
MENAI,2234,26,26,1.0
MEREWETHER,2291,26,26,1.0
NORTH RYDE,2113,26,26,1.0
OAK FLATS,2529,26,26,1.0
PEAKHURST,2210,26,26,1.0
ROSELANDS,2196,26,26,1.0
SMITHFIELD,2164,26,26,1.0
STANMORE,2048,26,26,1.0
ARNCLIFFE,2205,25,25,1.0
ARTARMON,2064,25,25,1.0
COLLAROY,2097,25,25,1.0
CONCORD,2137,25,25,1.0
GABLES,2765,25,25,1.0
GLEBE,2037,25,25,1.0
GLENFIELD PARK,2650,25,25,1.0
GRAFTON,2460,25,25,1.0
GREEN VALLEY,2168,25,25,1.0
HOMEBUSH WEST,2140,25,25,1.0
MINTO,2566,25,25,1.0
MORTDALE,2223,25,25,1.0
NEUTRAL BAY,2089,25,25,1.0
NEWPORT,2106,25,25,1.0
NORTH TAMWORTH,2340,25,25,1.0
THIRLMERE,2572,25,25,1.0
THORNLEIGH,2120,25,25,1.0
THRUMSTER,2444,25,25,1.0
WARWICK FARM,2170,25,25,1.0
WINSTON HILLS,2153,25,25,1.0
BLACKHEATH,2785,24,24,1.0
CALALA,2340,24,24,1.0
COOMA,2630,24,24,1.0
COOTAMUNDRA,2590,24,24,1.0
EARLWOOD,2206,24,24,1.0
ERMINGTON,2115,24,24,1.0
FORESTVILLE,2087,24,24,1.0
KENSINGTON,2033,24,24,1.0
LEUMEAH,2560,24,24,1.0
MURWILLUMBAH,2484,24,24,1.0
NAMBUCCA HEADS,2448,24,24,1.0
SYDNEY OLYMPIC PARK,2127,24,24,1.0
WARNERS BAY,2282,24,24,1.0
BELLBIRD,2325,23,23,1.0
BEXLEY,2207,23,23,1.0
BRADBURY,2560,23,23,1.0
CANTERBURY,2193,23,23,1.0
CHIPPING NORTON,2170,23,23,1.0
DARLING POINT,2027,23,23,1.0
ELIZABETH BAY,2011,23,23,1.0
HUNTERS HILL,2110,23,23,1.0
NORTH BONDI,2026,23,23,1.0
THIRROUL,2515,23,23,1.0
WEST KEMPSEY,2440,23,23,1.0
WOOLLAHRA,2025,23,23,1.0
ABERGLASSLYN,2320,22,22,1.0
ALBION PARK RAIL,2527,22,22,1.0
BEECROFT,2119,22,22,1.0
CARLTON,2218,22,22,1.0
CRESTWOOD,2620,22,22,1.0
EASTLAKES,2018,22,22,1.0
JORDAN SPRINGS,2747,22,22,1.0
MACQUARIE FIELDS,2564,22,22,1.0
NARARA,2250,22,22,1.0
NOWRA,2541,22,22,1.0
ROZELLE,2039,22,22,1.0
ULLADULLA,2539,22,22,1.0
ANNANDALE,2038,21,21,1.0
BYRON BAY,2481,21,21,1.0
CAMERON PARK,2285,21,21,1.0
CROYDON PARK,2133,21,21,1.0
DENHAM COURT,2565,21,21,1.0
EAST GOSFORD,2250,21,21,1.0
ELERMORE VALE,2287,21,21,1.0
FRESHWATER,2096,21,21,1.0
GLENWOOD,2768,21,21,1.0
GREGORY HILLS,2557,21,21,1.0
HARRINGTON PARK,2567,21,21,1.0
KINGSGROVE,2208,21,21,1.0
LAKE CATHIE,2445,21,21,1.0
MANLY VALE,2093,21,21,1.0
MARYLAND,2287,21,21,1.0
MEADOWBANK,2114,21,21,1.0
PANANIA,2213,21,21,1.0
QUEANBEYAN EAST,2620,21,21,1.0
TOUKLEY,2263,21,21,1.0
WEST BATHURST,2795,21,21,1.0
BLIGH PARK,2756,20,20,1.0
BRIGHTON-LE-SANDS,2216,20,20,1.0
CULBURRA BEACH,2540,20,20,1.0
EAST TAMWORTH,2340,20,20,1.0
EDGEWORTH,2285,20,20,1.0
FAIRLIGHT,2094,20,20,1.0
FRENCHS FOREST,2086,20,20,1.0
LOCHINVAR,2321,20,20,1.0
MITTAGONG,2575,20,20,1.0
MOUNT PRITCHARD,2170,20,20,1.0
NORTH STRATHFIELD,2137,20,20,1.0
OCEAN SHORES,2483,20,20,1.0
RICHMOND,2753,20,20,1.0
SALAMANDER BAY,2317,20,20,1.0
SOUTH TAMWORTH,2340,20,20,1.0
ST GEORGES BASIN,2540,20,20,1.0
THE HILL,2300,20,20,1.0
TUMUT,2720,20,20,1.0
WOLLONGBAR,2477,20,20,1.0
ALSTONVILLE,2477,19,19,1.0
BELMONT,2280,19,19,1.0
BLAXLAND,2774,19,19,1.0
BOMADERRY,2541,19,19,1.0
CANLEY VALE,2166,19,19,1.0
CASUARINA,2487,19,19,1.0
CHIPPENDALE,2008,19,19,1.0
EAST LISMORE,2480,19,19,1.0
FIGTREE,2525,19,19,1.0
GLENFIELD,2167,19,19,1.0
JANNALI,2226,19,19,1.0
LEETON,2705,19,19,1.0
NORTH RICHMOND,2754,19,19,1.0
NORTHBRIDGE,2063,19,19,1.0
NORWEST,2153,19,19,1.0
SHELL COVE,2529,19,19,1.0
SPRINGWOOD,2777,19,19,1.0
TWEED HEADS SOUTH,2486,19,19,1.0
WADALBA,2259,19,19,1.0
WAITARA,2077,19,19,1.0
ALBURY,2640,18,18,1.0
BEVERLY HILLS,2209,18,18,1.0
BUNGENDORE,2621,18,18,1.0
COROWA,2646,18,18,1.0
DAPTO,2530,18,18,1.0
DOONSIDE,2767,18,18,1.0
EDGECLIFF,2027,18,18,1.0
FIVE DOCK,2046,18,18,1.0
HABERFIELD,2045,18,18,1.0
HARRIS PARK,2150,18,18,1.0
HAYMARKET,2000,18,18,1.0
HILLVUE,2340,18,18,1.0
KARABAR,2620,18,18,1.0
KELLYVILLE RIDGE,2155,18,18,1.0
KINGSFORD,2032,18,18,1.0
MERIMBULA,2548,18,18,1.0
MORISSET,2264,18,18,1.0
MOUNT COLAH,2079,18,18,1.0
NARRABRI,2390,18,18,1.0
NARRANDERA,2700,18,18,1.0
NORTH ROCKS,2151,18,18,1.0
PLUMPTON,2761,18,18,1.0
PRESTONS,2170,18,18,1.0
SILVERDALE,2752,18,18,1.0
SOUTH WEST ROCKS,2431,18,18,1.0
SOUTH WINDSOR,2756,18,18,1.0
TENTERFIELD,2372,18,18,1.0
WAMBERAL,2260,18,18,1.0
WATTLE GROVE,2173,18,18,1.0
WEST GOSFORD,2250,18,18,1.0
WINGHAM,2429,18,18,1.0
ASQUITH,2077,17,17,1.0
BELLA VISTA,2153,17,17,1.0
CAMBRIDGE PARK,2747,17,17,1.0
ENMORE,2042,17,17,1.0
GREENWICH,2065,17,17,1.0
GWANDALAN,2259,17,17,1.0
KANAHOOKA,2530,17,17,1.0
KILLARNEY VALE,2261,17,17,1.0
KINCUMBER,2251,17,17,1.0
KURRI KURRI,2327,17,17,1.0
LAKE ALBERT,2650,17,17,1.0
LAKE HEIGHTS,2502,17,17,1.0
LILYFIELD,2040,17,17,1.0
LISMORE,2480,17,17,1.0
LONG JETTY,2261,17,17,1.0
LURNEA,2170,17,17,1.0
QUEANBEYAN,2620,17,17,1.0
SAWTELL,2452,17,17,1.0
SUMMERLAND POINT,2259,17,17,1.0
SWANSEA,2281,17,17,1.0
URUNGA,2455,17,17,1.0
WARATAH,2298,17,17,1.0
WEST WOLLONGONG,2500,17,17,1.0
BARGO,2574,16,16,1.0
BELFIELD,2191,16,16,1.0
BERKELEY,2506,16,16,1.0
BONNELLS BAY,2264,16,16,1.0
CAMDEN SOUTH,2570,16,16,1.0
COLYTON,2760,16,16,1.0
CONCORD WEST,2138,16,16,1.0
DURAL,2158,16,16,1.0
FAIRFIELD WEST,2165,16,16,1.0
FLETCHER,2287,16,16,1.0
GLENHAVEN,2156,16,16,1.0
GOBBAGOMBALIN,2650,16,16,1.0
HAMILTON,2303,16,16,1.0
ILLAWONG,2234,16,16,1.0
LAMBTON,2299,16,16,1.0
LEMON TREE PASSAGE,2319,16,16,1.0
MATRAVILLE,2036,16,16,1.0
MERRYLANDS WEST,2160,16,16,1.0
POTTSVILLE,2489,16,16,1.0
SINGLETON,2330,16,16,1.0
THE PONDS,2769,16,16,1.0
TORONTO,2283,16,16,1.0
TULLIMBAR,2527,16,16,1.0
VALENTINE,2280,16,16,1.0
WOOLLOOMOOLOO,2011,16,16,1.0
ABBOTSFORD,2046,15,15,1.0
CARDIFF,2285,15,15,1.0
COBBITTY,2570,15,15,1.0
CORLETTE,2315,15,15,1.0
ETTALONG BEACH,2257,15,15,1.0
GLENBROOK,2773,15,15,1.0
HARRINGTON,2427,15,15,1.0
HEDDON GRETA,2321,15,15,1.0
HELENSBURGH,2508,15,15,1.0
MENANGLE PARK,2563,15,15,1.0
MILSONS POINT,2061,15,15,1.0
NORTH NOWRA,2541,15,15,1.0
OXLEY PARK,2760,15,15,1.0
SCONE,2337,15,15,1.0
SINGLETON HEIGHTS,2330,15,15,1.0
TEMORA,2666,15,15,1.0
TUROSS HEAD,2537,15,15,1.0
TWEED HEADS WEST,2485,15,15,1.0
WARRIEWOOD,2102,15,15,1.0
WELLINGTON,2820,15,15,1.0
WERRINGTON,2747,15,15,1.0
WILEY PARK,2195,15,15,1.0
BADAGARANG,2540,14,14,1.0
BAROOGA,3644,14,14,1.0
BASS HILL,2197,14,14,1.0
BILGOLA PLATEAU,2107,14,14,1.0
BLAKEHURST,2221,14,14,1.0
BLUE HAVEN,2262,14,14,1.0
BROOKVALE,2100,14,14,1.0
BULLI,2516,14,14,1.0
CHIFLEY,2036,14,14,1.0
CROYDON,2132,14,14,1.0
EMU PLAINS,2750,14,14,1.0
GEORGETOWN,2298,14,14,1.0
GLOUCESTER,2422,14,14,1.0
GRANTHAM FARM,2765,14,14,1.0
HILLSDALE,2036,14,14,1.0
HUNTERVIEW,2330,14,14,1.0
JAMISONTOWN,2750,14,14,1.0
JUNEE,2663,14,14,1.0
KORORA,2450,14,14,1.0
LISAROW,2250,14,14,1.0
LUGARNO,2210,14,14,1.0
MOUNT AUSTIN,2650,14,14,1.0
MULLUMBIMBY,2482,14,14,1.0
NARROMINE,2821,14,14,1.0
OATLANDS,2117,14,14,1.0
PENNANT HILLS,2120,14,14,1.0
PICNIC POINT,2213,14,14,1.0
POINT FREDERICK,2250,14,14,1.0
PUTNEY,2112,14,14,1.0
SOUTH GRAFTON,2460,14,14,1.0
ST PETERS,2044,14,14,1.0
STRATHFIELD SOUTH,2136,14,14,1.0
SUSSEX INLET,2540,14,14,1.0
TOORMINA,2452,14,14,1.0
VINCENTIA,2540,14,14,1.0
WARILLA,2528,14,14,1.0
WESTDALE,2340,14,14,1.0
WINDRADYNE,2795,14,14,1.0
WOONGARRAH,2259,14,14,1.0
YOWIE BAY,2228,14,14,1.0
ADAMSTOWN,2289,13,13,1.0
ADAMSTOWN HEIGHTS,2289,13,13,1.0
ASHMONT,2650,13,13,1.0
ASHTONFIELD,2323,13,13,1.0
AVOCA BEACH,2251,13,13,1.0
BREAKFAST POINT,2137,13,13,1.0
CADDENS,2747,13,13,1.0
CALDERWOOD,2527,13,13,1.0
CECIL HILLS,2171,13,13,1.0
COLLAROY PLATEAU,2097,13,13,1.0
CROWS NEST,2065,13,13,1.0
DOLLS POINT,2219,13,13,1.0
GERRINGONG,2534,13,13,1.0
GIRRAWEEN,2145,13,13,1.0
HOWLONG,2643,13,13,1.0
JERRABOMBERRA,2619,13,13,1.0
JINDABYNE,2627,13,13,1.0
LITTLE BAY,2036,13,13,1.0
MACLEAN,2463,13,13,1.0
MCMAHONS POINT,2060,13,13,1.0
NAREMBURN,2065,13,13,1.0
NORTH ALBURY,2640,13,13,1.0
OBERON,2787,13,13,1.0
OYSTER BAY,2225,13,13,1.0
PENDLE HILL,2145,13,13,1.0
SHELLHARBOUR,2529,13,13,1.0
SOUTH HURSTVILLE,2221,13,13,1.0
SUMMER HILL,2130,13,13,1.0
THE ENTRANCE NORTH,2261,13,13,1.0
TUGGERAH,2259,13,13,1.0
WEST ALBURY,2640,13,13,1.0
WEST PYMBLE,2073,13,13,1.0
WEST TAMWORTH,2340,13,13,1.0
ACACIA GARDENS,2763,12,12,1.0
BEACON HILL,2100,12,12,1.0
BEGA,2550,12,12,1.0
BERALA,2141,12,12,1.0
BERRY,2535,12,12,1.0
BRAIDWOOD,2622,12,12,1.0
CATHERINE FIELD,2557,12,12,1.0
CROOKWELL,2583,12,12,1.0
EAST BALLINA,2478,12,12,1.0
GILLIESTON HEIGHTS,2321,12,12,1.0
GLEDSWOOD HILLS,2557,12,12,1.0
GOL GOL,2738,12,12,1.0
GULGONG,2852,12,12,1.0
HINCHINBROOK,2168,12,12,1.0
HORSLEY,2530,12,12,1.0
ILUKA,2466,12,12,1.0
KINGS LANGLEY,2147,12,12,1.0
LEWISHAM,2049,12,12,1.0
MARAYONG,2148,12,12,1.0
MINCHINBURY,2770,12,12,1.0
MOUNT HUTTON,2290,12,12,1.0
NARELLAN VALE,2567,12,12,1.0
NAROOMA,2546,12,12,1.0
NORTH AVOCA,2260,12,12,1.0
NORTH GOSFORD,2250,12,12,1.0
NORTH NARRABEEN,2101,12,12,1.0
OAKHURST,2761,12,12,1.0
OXLEY VALE,2340,12,12,1.0
PEMULWUY,2145,12,12,1.0
PICTON,2571,12,12,1.0
RIVERWOOD,2210,12,12,1.0
ROSEMEADOW,2560,12,12,1.0
RYDALMERE,2116,12,12,1.0
SAN REMO,2262,12,12,1.0
SEAFORTH,2092,12,12,1.0
SHOAL BAY,2315,12,12,1.0
SHOALHAVEN HEADS,2535,12,12,1.0
SOUTH GRANVILLE,2142,12,12,1.0
ST HELENS PARK,2560,12,12,1.0
SUFFOLK PARK,2481,12,12,1.0
SUNSHINE BAY,2536,12,12,1.0
TELOPEA,2117,12,12,1.0
TURA BEACH,2548,12,12,1.0
UNANDERRA,2526,12,12,1.0
WARATAH WEST,2298,12,12,1.0
WENTWORTH FALLS,2782,12,12,1.0
WESTLEIGH,2120,12,12,1.0
WETHERILL PARK,2164,12,12,1.0
WINMALEE,2777,12,12,1.0
WYONG,2259,12,12,1.0
ALLAWAH,2218,11,11,1.0
BANGALOW,2479,11,11,1.0
BARDIA,2565,11,11,1.0
BOGANGAR,2488,11,11,1.0
BOLWARRA HEIGHTS,2320,11,11,1.0
BONNYRIGG,2177,11,11,1.0
BRUNSWICK HEADS,2483,11,11,1.0
CABRAMATTA WEST,2166,11,11,1.0
CHARMHAVEN,2263,11,11,1.0
CLOVELLY,2031,11,11,1.0
COONABARABRAN,2357,11,11,1.0
COPACABANA,2251,11,11,1.0
CROMER,2099,11,11,1.0
CURRANS HILL,2567,11,11,1.0
EDEN,2551,11,11,1.0
FARMBOROUGH HEIGHTS,2526,11,11,1.0
GRAYS POINT,2232,11,11,1.0
GULMARRAD,2463,11,11,1.0
KEIRAVILLE,2500,11,11,1.0
KINGS PARK,2148,11,11,1.0
LETHBRIDGE PARK,2770,11,11,1.0
LLOYD,2650,11,11,1.0
MANNERING PARK,2259,11,11,1.0
MONTEREY,2217,11,11,1.0
MOORE CREEK,2340,11,11,1.0
MORTLAKE,2137,11,11,1.0
MOUNT WARRIGAL,2528,11,11,1.0
NARWEE,2209,11,11,1.0
NORTH WOLLONGONG,2500,11,11,1.0
PROSPECT,2148,11,11,1.0
ROPES CROSSING,2760,11,11,1.0
ROSEHILL,2142,11,11,1.0
SOUTH LISMORE,2480,11,11,1.0
SOUTH NOWRA,2541,11,11,1.0
ST ANDREWS,2566,11,11,1.0
STANHOPE GARDENS,2768,11,11,1.0
STOCKTON,2295,11,11,1.0
TATTON,2650,11,11,1.0
TEA GARDENS,2324,11,11,1.0
TUNCURRY,2428,11,11,1.0
VINEYARD,2765,11,11,1.0
WEST HOXTON,2171,11,11,1.0
WOOLGOOLGA,2456,11,11,1.0
BARRACK HEIGHTS,2528,10,10,1.0
BATEHAVEN,2536,10,10,1.0
BERESFIELD,2322,10,10,1.0
BILAMBIL HEIGHTS,2486,10,10,1.0
BLACKBUTT,2529,10,10,1.0
BRONTE,2024,10,10,1.0
BUFF POINT,2262,10,10,1.0
BURRADOO,2576,10,10,1.0
BURRANEER,2230,10,10,1.0
CAMDEN,2570,10,10,1.0
COBAR,2835,10,10,1.0
COLEBEE,2761,10,10,1.0
DUNDAS VALLEY,2117,10,10,1.0
EAST KEMPSEY,2440,10,10,1.0
EDENSOR PARK,2176,10,10,1.0
ELDERSLIE,2570,10,10,1.0
ELEEBANA,2282,10,10,1.0
ENFIELD,2136,10,10,1.0
FAIRFIELD HEIGHTS,2165,10,10,1.0
GRENFELL,2810,10,10,1.0
GYMEA BAY,2227,10,10,1.0
HORNSBY HEIGHTS,2077,10,10,1.0
HURLSTONE PARK,2193,10,10,1.0
KENTHURST,2156,10,10,1.0
KOTARA,2289,10,10,1.0
KYOGLE,2474,10,10,1.0
LAKE ILLAWARRA,2528,10,10,1.0
LAKE MUNMORAH,2259,10,10,1.0
MIDDLETON GRANGE,2171,10,10,1.0
MILLERS POINT,2000,10,10,1.0
MILPERRA,2214,10,10,1.0
MOLLYMOOK BEACH,2539,10,10,1.0
MORUYA,2537,10,10,1.0
MULWALA,2647,10,10,1.0
NEW LAMBTON HEIGHTS,2305,10,10,1.0
NORMANHURST,2076,10,10,1.0
PORT KEMBLA,2505,10,10,1.0
QUIRINDI,2343,10,10,1.0
REDHEAD,2290,10,10,1.0
RUSE,2560,10,10,1.0
RUSHCUTTERS BAY,2011,10,10,1.0
SHORTLAND,2307,10,10,1.0
SMITHS LAKE,2428,10,10,1.0
TOCUMWAL,2714,10,10,1.0
TURVEY PARK,2650,10,10,1.0
WAKELEY,2176,10,10,1.0
WANGI WANGI,2267,10,10,1.0
WARNERVALE,2259,10,10,1.0
WEST BALLINA,2478,10,10,1.0
WICKHAM,2293,10,10,1.0
WOODCROFT,2767,10,10,1.0
ABERMAIN,2326,9,9,1.0
APPIN,2560,9,9,1.0
AUSTINMER,2515,9,9,1.0
BALMAIN EAST,2041,9,9,1.0
BARHAM,2732,9,9,1.0
BEAUMONT HILLS,2155,9,9,1.0
BELMONT NORTH,2280,9,9,1.0
BENSVILLE,2251,9,9,1.0
BEROWRA,2081,9,9,1.0
BEROWRA HEIGHTS,2082,9,9,1.0
BOOKER BAY,2257,9,9,1.0
BOOROOMA,2650,9,9,1.0
CATALINA,2536,9,9,1.0
CLAREMONT MEADOWS,2747,9,9,1.0
CLARENCE TOWN,2321,9,9,1.0
CORINDI BEACH,2456,9,9,1.0
DEAN PARK,2761,9,9,1.0
EAST LINDFIELD,2070,9,9,1.0
ESCHOL PARK,2558,9,9,1.0
GILGANDRA,2827,9,9,1.0
GIRARDS HILL,2480,9,9,1.0
GLENDALE,2285,9,9,1.0
HALEKULANI,2262,9,9,1.0
HAZELBROOK,2779,9,9,1.0
HEBERSHAM,2770,9,9,1.0
HOBARTVILLE,2753,9,9,1.0
MARDI,2259,9,9,1.0
MELROSE PARK,2114,9,9,1.0
METFORD,2323,9,9,1.0
MOLLYMOOK,2539,9,9,1.0
MOLONG,2866,9,9,1.0
NARELLAN,2567,9,9,1.0
NEWINGTON,2127,9,9,1.0
OURIMBAH,2258,9,9,1.0
PALM BEACH,2108,9,9,1.0
QUEENS PARK,2022,9,9,1.0
QUEENSCLIFF,2096,9,9,1.0
REGENTS PARK,2143,9,9,1.0
SANDY BEACH,2456,9,9,1.0
SOUTH ALBURY,2640,9,9,1.0
SOUTH KEMPSEY,2440,9,9,1.0
SOUTH WENTWORTHVILLE,2145,9,9,1.0
SPRINGDALE HEIGHTS,2641,9,9,1.0
SPRINGFIELD,2250,9,9,1.0
SURF BEACH,2536,9,9,1.0
TANILBA BAY,2319,9,9,1.0
TASCOTT,2250,9,9,1.0
TENAMBIT,2323,9,9,1.0
TOLLAND,2650,9,9,1.0
WILBERFORCE,2756,9,9,1.0
ANNA BAY,2316,8,8,1.0
ASHBURY,2193,8,8,1.0
ASHCROFT,2168,8,8,1.0
BATEMANS BAY,2536,8,8,1.0
BELLINGEN,2454,8,8,1.0
BINGARA,2404,8,8,1.0
BOURKELANDS,2650,8,8,1.0
BRAEMAR,2575,8,8,1.0
CENTENNIAL PARK,2021,8,8,1.0
CONDOBOLIN,2877,8,8,1.0
CONNELLS POINT,2221,8,8,1.0
CONSTITUTION HILL,2145,8,8,1.0
DIAMOND BEACH,2430,8,8,1.0
EAST CORRIMAL,2518,8,8,1.0
EGLINTON,2795,8,8,1.0
FARLEY,2320,8,8,1.0
FAULCONBRIDGE,2776,8,8,1.0
FOREST LODGE,2037,8,8,1.0
GALSTON,2159,8,8,1.0
GANMAIN,2702,8,8,1.0
GUILDFORD WEST,2161,8,8,1.0
GUYRA,2365,8,8,1.0
HASSALL GROVE,2761,8,8,1.0
JESMOND,2299,8,8,1.0
KANDOS,2848,8,8,1.0
KARUAH,2324,8,8,1.0
KIAMA DOWNS,2533,8,8,1.0
KOONAWARRA,2530,8,8,1.0
LAKE HAVEN,2263,8,8,1.0
LIGHTNING RIDGE,2834,8,8,1.0
MARKS POINT,2280,8,8,1.0
MAYS HILL,2145,8,8,1.0
MOONEE BEACH,2450,8,8,1.0
MURRUMBATEMAN,2582,8,8,1.0
NARRAWEENA,2099,8,8,1.0
NORAVILLE,2263,8,8,1.0
NORTH BALGOWLAH,2093,8,8,1.0
NORTH CURL CURL,2099,8,8,1.0
NORTH EPPING,2121,8,8,1.0
OAKDALE,2570,8,8,1.0
OAKVILLE,2765,8,8,1.0
PAGEWOOD,2035,8,8,1.0
PARKLEA,2768,8,8,1.0
POINT CLARE,2250,8,8,1.0
RIVERVIEW,2066,8,8,1.0
RUSSELL LEA,2046,8,8,1.0
SARATOGA,2251,8,8,1.0
SEFTON,2162,8,8,1.0
ST JOHNS PARK,2176,8,8,1.0
THE OAKS,2570,8,8,1.0
URALLA,2358,8,8,1.0
VILLAWOOD,2163,8,8,1.0
WARRAWONG,2502,8,8,1.0
WATANOBBI,2259,8,8,1.0
WERRINGTON COUNTY,2747,8,8,1.0
WESTON,2326,8,8,1.0
WYEE,2259,8,8,1.0
ABERDARE,2325,7,7,1.0
ABERDEEN,2336,7,7,1.0
ALLAMBIE HEIGHTS,2100,7,7,1.0
AMBARVALE,2560,7,7,1.0
BALGOWNIE,2519,7,7,1.0
BAR BEACH,2300,7,7,1.0
BEACONSFIELD,2015,7,7,1.0
BERRIDALE,2628,7,7,1.0
BEVERLEY PARK,2217,7,7,1.0
BIRCHGROVE,2041,7,7,1.0
BLACKALLS PARK,2283,7,7,1.0
BLACKETT,2770,7,7,1.0
BLAYNEY,2799,7,7,1.0
BUDGEWOI,2262,7,7,1.0
BUNDEENA,2230,7,7,1.0
BURONGA,2739,7,7,1.0
CANLEY HEIGHTS,2166,7,7,1.0
CARRINGTON,2294,7,7,1.0
CAVES BEACH,2281,7,7,1.0
CHITTAWAY BAY,2261,7,7,1.0
COAL POINT,2283,7,7,1.0
COOLAMON,2701,7,7,1.0
DALMENY,2546,7,7,1.0
DENMAN,2328,7,7,1.0
DOVER HEIGHTS,2030,7,7,1.0
EAST HILLS,2213,7,7,1.0
EMERALD BEACH,2456,7,7,1.0
EMERTON,2770,7,7,1.0
EMU HEIGHTS,2750,7,7,1.0
ERSKINE PARK,2759,7,7,1.0
FAIRFIELD EAST,2165,7,7,1.0
FINLEY,2713,7,7,1.0
FLINDERS,2529,7,7,1.0
GILEAD,2560,7,7,1.0
HAMILTON SOUTH,2303,7,7,1.0
HARDEN,2587,7,7,1.0
JILLIBY,2259,7,7,1.0
KALARU,2550,7,7,1.0
KANWAL,2259,7,7,1.0
KARIONG,2250,7,7,1.0
KURRAJONG,2758,7,7,1.0
LALOR PARK,2147,7,7,1.0
LAURIETON,2443,7,7,1.0
LAWSON,2783,7,7,1.0
MACKSVILLE,2447,7,7,1.0
MALUA BAY,2536,7,7,1.0
MAYFIELD EAST,2304,7,7,1.0
MAYFIELD WEST,2304,7,7,1.0
MILLER,2168,7,7,1.0
MOUNT RIVERVIEW,2774,7,7,1.0
NEWCASTLE EAST,2300,7,7,1.0
NEWRYBAR,2479,7,7,1.0
PITT TOWN,2756,7,7,1.0
QUEANBEYAN WEST,2620,7,7,1.0
ROBERTSON,2577,7,7,1.0
RODD POINT,2046,7,7,1.0
SHELLY BEACH,2261,7,7,1.0
SOLDIERS POINT,2317,7,7,1.0
SPEERS POINT,2284,7,7,1.0
SYDENHAM,2044,7,7,1.0
SYLVANIA WATERS,2224,7,7,1.0
TERRANORA,2486,7,7,1.0
TOMAKIN,2537,7,7,1.0
WALCHA,2354,7,7,1.0
WARRAWEE,2074,7,7,1.0
WEE WAA,2388,7,7,1.0
WEST WALLSEND,2286,7,7,1.0
WOODBINE,2560,7,7,1.0
WOODSTOCK,2793,7,7,1.0
BANKSIA,2216,6,6,1.0
BARANGAROO,2000,6,6,1.0
BARDWELL PARK,2207,6,6,1.0
BARDWELL VALLEY,2207,6,6,1.0
BELLAMBI,2518,6,6,1.0
BERRAMBOOL,2548,6,6,1.0
BLACKWALL,2256,6,6,1.0
BOGGABRI,2382,6,6,1.0
BOLWARRA,2320,6,6,1.0
BONVILLE,2450,6,6,1.0
BOOLAROO,2284,6,6,1.0
BOOROWA,2586,6,6,1.0
BOURKE,2840,6,6,1.0
BROADMEADOW,2292,6,6,1.0
BULAHDELAH,2423,6,6,1.0
BUNDANOON,2578,6,6,1.0
BURRILL LAKE,2539,6,6,1.0
BUSBY,2168,6,6,1.0
CAERLEON,2850,6,6,1.0
CAMDEN PARK,2570,6,6,1.0
CANOWINDRA,2804,6,6,1.0
CAREY BAY,2283,6,6,1.0
CASTLECRAG,2068,6,6,1.0
CHELTENHAM,2119,6,6,1.0
COLEDALE,2515,6,6,1.0
COLO VALE,2575,6,6,1.0
COOMBA PARK,2428,6,6,1.0
DAVIDSON,2085,6,6,1.0
DENISTONE,2114,6,6,1.0
DORA CREEK,2264,6,6,1.0
DUNDAS,2117,6,6,1.0
EAGLE VALE,2558,6,6,1.0
EAST BRANXTON,2335,6,6,1.0
EAST KILLARA,2071,6,6,1.0
EAST KURRAJONG,2758,6,6,1.0
FOREST HILL,2651,6,6,1.0
FREEMANS REACH,2756,6,6,1.0
GLENROY,2640,6,6,1.0
GWYNNEVILLE,2500,6,6,1.0
HAWKS NEST,2324,6,6,1.0
HAY,2711,6,6,1.0
HEATHCOTE,2233,6,6,1.0
HORNINGSEA PARK,2171,6,6,1.0
HOXTON PARK,2171,6,6,1.0
JINDERA,2642,6,6,1.0
KOOTINGAL,2352,6,6,1.0
LISMORE HEIGHTS,2480,6,6,1.0
LORN,2320,6,6,1.0
MACQUARIE HILLS,2285,6,6,1.0
MAITLAND,2320,6,6,1.0
MARULAN,2579,6,6,1.0
MARYVILLE,2293,6,6,1.0
MILTON,2538,6,6,1.0
NARRAWALLEE,2539,6,6,1.0
NORTH BOAMBEE VALLEY,2450,6,6,1.0
NORTH HAVEN,2443,6,6,1.0
NORTH LAMBTON,2299,6,6,1.0
NORTH TURRAMURRA,2074,6,6,1.0
NORTH WILLOUGHBY,2068,6,6,1.0
NYNGAN,2825,6,6,1.0
PADSTOW HEIGHTS,2211,6,6,1.0
POKOLBIN,2320,6,6,1.0
PORTLAND,2847,6,6,1.0
RABY,2566,6,6,1.0
RANKIN PARK,2287,6,6,1.0
RAWORTH,2321,6,6,1.0
ROSEVILLE CHASE,2069,6,6,1.0
SADLEIR,2168,6,6,1.0
SAPPHIRE BEACH,2450,6,6,1.0
ST IVES CHASE,2075,6,6,1.0
TEMPE,2044,6,6,1.0
THE ROCKS,2000,6,6,1.0
TOMERONG,2540,6,6,1.0
TUGGERAWONG,2259,6,6,1.0
TUMBI UMBI,2261,6,6,1.0
WAVERLEY,2024,6,6,1.0
WAVERTON,2060,6,6,1.0
WENTWORTH,2648,6,6,1.0
WERRINGTON DOWNS,2747,6,6,1.0
WEST WYALONG,2671,6,6,1.0
WHITEBRIDGE,2290,6,6,1.0
WONGAWILLI,2530,6,6,1.0
WORRIGEE,2540,6,6,1.0
WYONGAH,2259,6,6,1.0
YERRINBOOL,2575,6,6,1.0
AIRDS,2560,5,5,1.0
ARCADIA VALE,2283,5,5,1.0
BARDEN RIDGE,2234,5,5,1.0
BAYVIEW,2104,5,5,1.0
BEXLEY NORTH,2207,5,5,1.0
BLAIR ATHOL,2560,5,5,1.0
BONNYRIGG HEIGHTS,2177,5,5,1.0
BOWEN MOUNTAIN,2753,5,5,1.0
BROULEE,2537,5,5,1.0
BULLABURRA,2784,5,5,1.0
CABARITA,2137,5,5,1.0
CARDIFF SOUTH,2285,5,5,1.0
CHURCH POINT,2105,5,5,1.0
CLIFTLEIGH,2321,5,5,1.0
COONAMBLE,2829,5,5,1.0
CORDEAUX HEIGHTS,2526,5,5,1.0
CREMORNE POINT,2090,5,5,1.0
CRESCENT HEAD,2440,5,5,1.0
CUDGEN,2487,5,5,1.0
DHARRUK,2770,5,5,1.0
DUNBOGAN,2443,5,5,1.0
DUNGOG,2420,5,5,1.0
EAST RYDE,2113,5,5,1.0
ELANORA HEIGHTS,2101,5,5,1.0
EMPIRE BAY,2257,5,5,1.0
ESTELLA,2650,5,5,1.0
EUGOWRA,2806,5,5,1.0
FENNELL BAY,2283,5,5,1.0
FLORAVILLE,2280,5,5,1.0
GLENDENNING,2761,5,5,1.0
GLENNING VALLEY,2261,5,5,1.0
GRASMERE,2570,5,5,1.0
GRETA,2334,5,5,1.0
GUNDAGAI,2722,5,5,1.0
HAMMONDVILLE,2170,5,5,1.0
HIGHFIELDS,2289,5,5,1.0
HILL TOP,2575,5,5,1.0
HOLGATE,2250,5,5,1.0
HORSLEY PARK,2175,5,5,1.0
HURSTVILLE GROVE,2220,5,5,1.0
JEWELLS,2280,5,5,1.0
KAHIBAH,2290,5,5,1.0
KAREELA,2232,5,5,1.0
KENDALL,2439,5,5,1.0
KIANGA,2546,5,5,1.0
KILLARNEY HEIGHTS,2087,5,5,1.0
KIRRIBILLI,2061,5,5,1.0
KOGARAH BAY,2217,5,5,1.0
KURRABA POINT,2089,5,5,1.0
KURRAJONG HILLS,2758,5,5,1.0
LADYSMITH,2652,5,5,1.0
LANSVALE,2166,5,5,1.0
LOFTUS,2232,5,5,1.0
LUDDENHAM,2745,5,5,1.0
MALABAR,2036,5,5,1.0
MANGERTON,2500,5,5,1.0
MANILLA,2346,5,5,1.0
MCGRATHS HILL,2756,5,5,1.0
MENANGLE,2568,5,5,1.0
MIRRABOOKA,2264,5,5,1.0
MODANVILLE,2480,5,5,1.0
MORUYA HEADS,2537,5,5,1.0
MOUNT OUSLEY,2519,5,5,1.0
MOUNT VICTORIA,2786,5,5,1.0
NIAGARA PARK,2250,5,5,1.0
NORAH HEAD,2263,5,5,1.0
NORTH MACKSVILLE,2447,5,5,1.0
PAMBULA BEACH,2549,5,5,1.0
PRIMBEE,2502,5,5,1.0
RAMSGATE BEACH,2217,5,5,1.0
RENWICK,2575,5,5,1.0
REVESBY HEIGHTS,2212,5,5,1.0
RYLSTONE,2849,5,5,1.0
SHALVEY,2770,5,5,1.0
SOUTH BOWENFELS,2790,5,5,1.0
SOUTH MURWILLUMBAH,2484,5,5,1.0
TARCUTTA,2652,5,5,1.0
TAREN POINT,2229,5,5,1.0
TELARAH,2320,5,5,1.0
TERALBA,2284,5,5,1.0
TINONEE,2430,5,5,1.0
TOWRADGI,2518,5,5,1.0
WARREN,2824,5,5,1.0
WEST NOWRA,2541,5,5,1.0
WHALAN,2770,5,5,1.0
WINDANG,2528,5,5,1.0
WINDSOR,2756,5,5,1.0
ABERCROMBIE,2795,4,4,1.0
ANGUS,2765,4,4,1.0
ASHFORD,2361,4,4,1.0
BALACLAVA,2575,4,4,1.0
BALCOLYN,2264,4,4,1.0
BANGOR,2234,4,4,1.0
BARNSLEY,2278,4,4,1.0
BARRABA,2347,4,4,1.0
BERMAGUI,2546,4,4,1.0
BEROWRA WATERS,2082,4,4,1.0
BERRIGAN,2712,4,4,1.0
BIRRONG,2143,4,4,1.0
BLACK HEAD,2430,4,4,1.0
BLACKSMITHS,2281,4,4,1.0
BOW BOWING,2566,4,4,1.0
BOWENFELS,2790,4,4,1.0
BRIGHTWATERS,2264,4,4,1.0
BROKE,2330,4,4,1.0
BUTTABA,2283,4,4,1.0
CALLALA BEACH,2540,4,4,1.0
CAMBRIDGE GARDENS,2747,4,4,1.0
CARSS PARK,2221,4,4,1.0
CARTWRIGHT,2168,4,4,1.0
CATHERINE HILL BAY,2281,4,4,1.0
CHATSWOOD WEST,2067,4,4,1.0
CHITTAWAY POINT,2261,4,4,1.0
CLAYMORE,2559,4,4,1.0
COLLARENEBRI,2833,4,4,1.0
COMO,2226,4,4,1.0
COOKS HILL,2300,4,4,1.0
COOLAH,2843,4,4,1.0
CORAKI,2471,4,4,1.0
CUMBALUM,2478,4,4,1.0
CUNDLETOWN,2430,4,4,1.0
CURRARONG,2540,4,4,1.0
DALEYS POINT,2257,4,4,1.0
DOLANS BAY,2229,4,4,1.0
DORRIGO,2453,4,4,1.0
DUDLEY,2290,4,4,1.0
DUNEDOO,2844,4,4,1.0
ELLIS LANE,2570,4,4,1.0
ERINA,2250,4,4,1.0
EURUNDEREE,2850,4,4,1.0
EVANS HEAD,2473,4,4,1.0
FINGAL BAY,2315,4,4,1.0
FORRESTERS BEACH,2260,4,4,1.0
FREDERICKTON,2440,4,4,1.0
GARDEN SUBURB,2289,4,4,1.0
GATESHEAD,2290,4,4,1.0
GLOSSODIA,2756,4,4,1.0
GOWRIE,2330,4,4,1.0
GUNDAROO,2620,4,4,1.0
GUNGAL,2333,4,4,1.0
HILLSTON,2675,4,4,1.0
HOLROYD,2142,4,4,1.0
HOLSWORTHY,2173,4,4,1.0
HUSKISSON,2540,4,4,1.0
ISLINGTON,2296,4,4,1.0
JUNCTION HILL,2460,4,4,1.0
KING CREEK,2446,4,4,1.0
KIOLOA,2539,4,4,1.0
KURRAJONG HEIGHTS,2758,4,4,1.0
LAGUNA,2325,4,4,1.0
LAKE TABOURIE,2539,4,4,1.0
LAKELANDS,2282,4,4,1.0
LAKEWOOD,2443,4,4,1.0
LANE COVE WEST,2066,4,4,1.0
LAVENDER BAY,2060,4,4,1.0
LAWRENCE,2460,4,4,1.0
LEONAY,2750,4,4,1.0
LIBERTY GROVE,2138,4,4,1.0
LLANARTH,2795,4,4,1.0
LONDONDERRY,2753,4,4,1.0
LONGUEVILLE,2066,4,4,1.0
MILLTHORPE,2798,4,4,1.0
MORISSET PARK,2264,4,4,1.0
MOUNT KEMBLA,2526,4,4,1.0
MUNGINDI,2406,4,4,1.0
MURRAYS BEACH,2281,4,4,1.0
MURRURUNDI,2338,4,4,1.0
NORTH ARM COVE,2324,4,4,1.0
NORTH MANLY,2100,4,4,1.0
NORTH ST MARYS,2760,4,4,1.0
NORTH WAHROONGA,2076,4,4,1.0
NUNDLE,2340,4,4,1.0
OLD GUILDFORD,2161,4,4,1.0
OLD TOONGABBIE,2146,4,4,1.0
PAMBULA,2549,4,4,1.0
PAXTON,2325,4,4,1.0
PEAK HILL,2869,4,4,1.0
PEAKHURST HEIGHTS,2210,4,4,1.0
PINDIMAR,2324,4,4,1.0
POINT PIPER,2027,4,4,1.0
PORT HACKING,2229,4,4,1.0
POTTS HILL,2143,4,4,1.0
RAZORBACK,2571,4,4,1.0
ROTHBURY,2320,4,4,1.0
SCOTTS HEAD,2447,4,4,1.0
SHELLHARBOUR CITY CENTRE,2529,4,4,1.0
SOUTH COOGEE,2034,4,4,1.0
SOUTH TURRAMURRA,2074,4,4,1.0
ST HUBERTS ISLAND,2257,4,4,1.0
STREAM HILL,2526,4,4,1.0
STROUD,2425,4,4,1.0
TALLWOODS VILLAGE,2430,4,4,1.0
TATHRA,2550,4,4,1.0
TINGIRA HEIGHTS,2290,4,4,1.0
TOOWOON BAY,2261,4,4,1.0
TRALEE,2620,4,4,1.0
TRANGIE,2823,4,4,1.0
TUMBARUMBA,2653,4,4,1.0
TURRELLA,2205,4,4,1.0
VALLA BEACH,2448,4,4,1.0
VALLEY HEIGHTS,2777,4,4,1.0
VOYAGER POINT,2172,4,4,1.0
WALLERAWANG,2845,4,4,1.0
WAMBOIN,2620,4,4,1.0
WARABROOK,2304,4,4,1.0
WARIALDA,2402,4,4,1.0
WARRAGAMBA,2752,4,4,1.0
WARRIMOO,2774,4,4,1.0
WHITTON,2705,4,4,1.0
WINDALE,2306,4,4,1.0
WINDEYER,2850,4,4,1.0
WOODBERRY,2322,4,4,1.0
WOODBURN,2472,4,4,1.0
WOOMBAH,2469,4,4,1.0
YANCO,2703,4,4,1.0
YELLOW ROCK,2777,4,4,1.0
YENDA,2681,4,4,1.0
ABBOTSBURY,2176,3,3,1.0
AGNES BANKS,2753,3,3,1.0
ANNANGROVE,2156,3,3,1.0
ARAKOON,2431,3,3,1.0
ARCADIA,2159,3,3,1.0
BALGOWLAH HEIGHTS,2093,3,3,1.0
BARADINE,2396,3,3,1.0
BATLOW,2730,3,3,1.0
BAWLEY POINT,2539,3,3,1.0
BEMBOKA,2550,3,3,1.0
BERRARA,2540,3,3,1.0
BERRIMA,2577,3,3,1.0
BIDWILL,2770,3,3,1.0
BIRMINGHAM GARDENS,2287,3,3,1.0
BOAMBEE,2450,3,3,1.0
BOMBALA,2632,3,3,1.0
BOMBIRA,2850,3,3,1.0
BOOMERANG BEACH,2428,3,3,1.0
BOORAGUL,2284,3,3,1.0
BORENORE,2800,3,3,1.0
BRADFIELD,2556,3,3,1.0
BROADWATER,2472,3,3,1.0
BUNDARRA,2359,3,3,1.0
BURRAWANG,2577,3,3,1.0
BURRINGBAR,2483,3,3,1.0
BURWOOD HEIGHTS,2136,3,3,1.0
CALLALA BAY,2540,3,3,1.0
CANTON BEACH,2263,3,3,1.0
CARWOOLA,2620,3,3,1.0
CASTLE COVE,2069,3,3,1.0
CHAIN VALLEY BAY,2259,3,3,1.0
CHARLOTTE BAY,2428,3,3,1.0
CLARENZA,2460,3,3,1.0
CLAREVILLE,2107,3,3,1.0
CLONTARF,2093,3,3,1.0
CLUNES,2480,3,3,1.0
CONISTON,2500,3,3,1.0
COOMEALLA,2717,3,3,1.0
CRANGAN BAY,2259,3,3,1.0
CRINGILA,2502,3,3,1.0
CROSSLANDS,2446,3,3,1.0
CULCAIRN,2660,3,3,1.0
DAVISTOWN,2251,3,3,1.0
DENISTONE EAST,2112,3,3,1.0
DOUGLAS PARK,2569,3,3,1.0
DUNMORE,2529,3,3,1.0
EAST WARDELL,2477,3,3,1.0
ELIZABETH HILLS,2171,3,3,1.0
ELLALONG,2325,3,3,1.0
EUSTON,2737,3,3,1.0
FAILFORD,2430,3,3,1.0
FALLS CREEK,2540,3,3,1.0
FINGAL HEAD,2487,3,3,1.0
FOUNTAINDALE,2258,3,3,1.0
GLEN ALPINE,2560,3,3,1.0
GLENORIE,2157,3,3,1.0
GORMANS HILL,2795,3,3,1.0
GREENFIELD PARK,2176,3,3,1.0
GREENHILL,2440,3,3,1.0
GREENWELL POINT,2540,3,3,1.0
GUMLY GUMLY,2652,3,3,1.0
HALLSVILLE,2340,3,3,1.0
HANWOOD,2680,3,3,1.0
HENTY,2658,3,3,1.0
HILLVILLE,2430,3,3,1.0
HOLMESVILLE,2286,3,3,1.0
HORSFIELD BAY,2256,3,3,1.0
HUNTLEYS COVE,2111,3,3,1.0
KEARNS,2558,3,3,1.0
KHANCOBAN,2642,3,3,1.0
KINGS POINT,2539,3,3,1.0
KYLE BAY,2221,3,3,1.0
LINLEY POINT,2066,3,3,1.0
LLANDILO,2747,3,3,1.0
LONG BEACH,2536,3,3,1.0
MACMASTERS BEACH,2251,3,3,1.0
MACQUARIE LINKS,2565,3,3,1.0
MALONEYS BEACH,2536,3,3,1.0
MANILDRA,2865,3,3,1.0
MARAYLYA,2765,3,3,1.0
MARTINSVILLE,2265,3,3,1.0
MATCHAM,2250,3,3,1.0
MATHOURA,2710,3,3,1.0
MILLFIELD,2325,3,3,1.0
MOONBI,2353,3,3,1.0
MORPETH,2321,3,3,1.0
MORTONS CREEK,2446,3,3,1.0
MOSSY POINT,2537,3,3,1.0
NIMMITABEL,2631,3,3,1.0
NORDS WHARF,2281,3,3,1.0
NORTH NAROOMA,2546,3,3,1.0
NUNDERI,2484,3,3,1.0
PRAIRIEWOOD,2176,3,3,1.0
RATHMINES,2283,3,3,1.0
REPTON,2454,3,3,1.0
ROCK VALLEY,2480,3,3,1.0
ROSSMORE,2557,3,3,1.0
ROYALLA,2620,3,3,1.0
RUSSELL VALE,2517,3,3,1.0
SANDRINGHAM,2219,3,3,1.0
SAUMAREZ PONDS,2350,3,3,1.0
SCOTLAND ISLAND,2105,3,3,1.0
SOMERSBY,2250,3,3,1.0
SOUTH BATHURST,2795,3,3,1.0
SOUTH MAITLAND,2320,3,3,1.0
STANFORD MERTHYR,2327,3,3,1.0
STANWELL PARK,2508,3,3,1.0
SUN VALLEY,2777,3,3,1.0
SURFSIDE,2536,3,3,1.0
SUTTON,2620,3,3,1.0
TABLE TOP,2640,3,3,1.0
TALARM,2447,3,3,1.0
TALLONG,2579,3,3,1.0
TARAGO,2580,3,3,1.0
TAYLORS BEACH,2316,3,3,1.0
TELEGRAPH POINT,2441,3,3,1.0
TERREY HILLS,2084,3,3,1.0
TOWNSEND,2463,3,3,1.0
TUMBULGUM,2490,3,3,1.0
UPPER LANSDOWNE,2430,3,3,1.0
VACY,2421,3,3,1.0
VERGES CREEK,2440,3,3,1.0
WALLA WALLA,2659,3,3,1.0
WALLAGA LAKE,2546,3,3,1.0
WELBY,2575,3,3,1.0
WENDOREE PARK,2250,3,3,1.0
WEROMBI,2570,3,3,1.0
WERRI BEACH,2534,3,3,1.0
WILLOUGHBY EAST,2068,3,3,1.0
WILLOW VALE,2575,3,3,1.0
WINDERMERE PARK,2264,3,3,1.0
WOOLWICH,2110,3,3,1.0
WORONORA,2232,3,3,1.0
YARRAMUNDI,2753,3,3,1.0
YARRAWARRAH,2233,3,3,1.0
YENNORA,2161,3,3,1.0
ALDAVILLA,2440,2,2,1.0
ALFORDS POINT,2234,2,2,1.0
ALLANDALE,2320,2,2,1.0
ANAMBAH,2320,2,2,1.0
AVONDALE,2530,2,2,1.0
AWABA,2283,2,2,1.0
BAR POINT,2083,2,2,1.0
BARKERS VALE,2474,2,2,1.0
BARRACK POINT,2528,2,2,1.0
BASIN VIEW,2540,2,2,1.0
BEECHWOOD,2446,2,2,1.0
BENTLEY,2480,2,2,1.0
BERKSHIRE PARK,2765,2,2,1.0
BIGGA,2583,2,2,1.0
BISHOPS BRIDGE,2326,2,2,1.0
BLACK RANGE,2550,2,2,1.0
BLAIRMOUNT,2559,2,2,1.0
BLUE KNOB,2480,2,2,1.0
BODALLA,2545,2,2,1.0
BOLTON POINT,2283,2,2,1.0
BOMBAY,2622,2,2,1.0
BONNET BAY,2226,2,2,1.0
BONNY HILLS,2445,2,2,1.0
BOORAL,2425,2,2,1.0
BORA RIDGE,2471,2,2,1.0
BOWRAVILLE,2449,2,2,1.0
BRANXTON,2335,2,2,1.0
BRAYTON,2579,2,2,1.0
BREWARRINA,2839,2,2,1.0
BRINGELLY,2556,2,2,1.0
BROCKLESBY,2642,2,2,1.0
BROUGHTON VALE,2535,2,2,1.0
BROWNSVILLE,2530,2,2,1.0
BURRELL CREEK,2429,2,2,1.0
BUXTON,2571,2,2,1.0
CAMBEWARRA VILLAGE,2540,2,2,1.0
CAMS WHARF,2281,2,2,1.0
CANDELO,2550,2,2,1.0
CANIABA,2480,2,2,1.0
CARDIFF HEIGHTS,2285,2,2,1.0
CARRAMAR,2163,2,2,1.0
CASTLE DOYLE,2350,2,2,1.0
CHISWICK,2046,2,2,1.0
CLANDULLA,2848,2,2,1.0
CLEMTON PARK,2206,2,2,1.0
CLIFTON GROVE,2800,2,2,1.0
COBARGO,2550,2,2,1.0
COLLECTOR,2581,2,2,1.0
COMBOYNE,2429,2,2,1.0
CONDONG,2484,2,2,1.0
CONGARINNI,2447,2,2,1.0
COOPERNOOK,2426,2,2,1.0
COROBIMILLA,2700,2,2,1.0
COUTTS CROSSING,2460,2,2,1.0
CUDMIRRAH,2540,2,2,1.0
CURLEW WATERS,2672,2,2,1.0
CURLWAA,2648,2,2,1.0
DALTON,2581,2,2,1.0
DARAWANK,2428,2,2,1.0
DARBYS FALLS,2793,2,2,1.0
DARETON,2717,2,2,1.0
DARLINGTON POINT,2706,2,2,1.0
DENHAMS BEACH,2536,2,2,1.0
DODSWORTH,2620,2,2,1.0
DONDINGALONG,2440,2,2,1.0
DUM DUM,2484,2,2,1.0
DURI,2344,2,2,1.0
EBENEZER,2756,2,2,1.0
ELIZABETH BEACH,2428,2,2,1.0
ELRINGTON,2325,2,2,1.0
EMMAVILLE,2371,2,2,1.0
ETTAMOGAH,2640,2,2,1.0
FEDERAL,2480,2,2,1.0
FERN BAY,2295,2,2,1.0
FERNHILL,2519,2,2,1.0
FISHERMANS REACH,2441,2,2,1.0
FOREST REEFS,2798,2,2,1.0
FULLERTON COVE,2318,2,2,1.0
GEURIE,2818,2,2,1.0
GIRVAN,2425,2,2,1.0
GOOLGOWI,2652,2,2,1.0
GOOLMA,2852,2,2,1.0
GOOLOOGONG,2805,2,2,1.0
GOONOO FOREST,2830,2,2,1.0
GREENHILLS BEACH,2230,2,2,1.0
GROSE VALE,2753,2,2,1.0
GWABEGAR,2356,2,2,1.0
HALLIDAYS POINT,2430,2,2,1.0
HAMILTON EAST,2303,2,2,1.0
HAMILTON NORTH,2292,2,2,1.0
HAMILTON VALLEY,2641,2,2,1.0
HICKEYS CREEK,2440,2,2,1.0
HOLBROOK,2644,2,2,1.0
HORSESHOE BEND,2320,2,2,1.0
HYLAND PARK,2448,2,2,1.0
ILFORD,2850,2,2,1.0
INVERGOWRIE,2350,2,2,1.0
JASPERS BRUSH,2535,2,2,1.0
JERILDERIE,2716,2,2,1.0
JERRONG,2580,2,2,1.0
JERRYS PLAINS,2330,2,2,1.0
JIGGI,2480,2,2,1.0
KANGAROO VALLEY,2577,2,2,1.0
KARANGI,2450,2,2,1.0
KENTLYN,2560,2,2,1.0
KEW,2439,2,2,1.0
KILABEN BAY,2283,2,2,1.0
KILLCARE HEIGHTS,2257,2,2,1.0
KITCHENER,2325,2,2,1.0
KOOLEWONG,2256,2,2,1.0
KOORAWATHA,2807,2,2,1.0
KUNDABUNG,2441,2,2,1.0
KUNDLE KUNDLE,2430,2,2,1.0
KURMOND,2757,2,2,1.0
LAKE WYANGAN,2680,2,2,1.0
LARGS,2320,2,2,1.0
LINDENDALE,2480,2,2,1.0
LONG POINT,2564,2,2,1.0
LOVETT BAY,2105,2,2,1.0
LOWER MACDONALD,2775,2,2,1.0
LYNWOOD,2477,2,2,1.0
MAGENTA,2261,2,2,1.0
MALLABULA,2319,2,2,1.0
MANAR,2622,2,2,1.0
MANNUS,2653,2,2,1.0
MANTON,2582,2,2,1.0
MANYANA,2539,2,2,1.0
MARMONG POINT,2284,2,2,1.0
MAUDE,2711,2,2,1.0
MENDOORAN,2842,2,2,1.0
MERRIWA,2329,2,2,1.0
MICHELAGO,2620,2,2,1.0
MIDDLE DURAL,2158,2,2,1.0
MINIMBAH,2312,2,2,1.0
MISSABOTTI,2449,2,2,1.0
MORTON,2538,2,2,1.0
MORTS ESTATE,2790,2,2,1.0
MOULAMEIN,2733,2,2,1.0
MOUNT FROME,2850,2,2,1.0
MOUNT GEORGE,2424,2,2,1.0
MOUNT HUNTER,2570,2,2,1.0
MOUNT KEIRA,2500,2,2,1.0
MOUNT KURING-GAI,2080,2,2,1.0
MOUNT LEWIS,2190,2,2,1.0
MULLAWAY,2456,2,2,1.0
MULLUMBIMBY CREEK,2482,2,2,1.0
MURRUMBURRAH,2587,2,2,1.0
MYOCUM,2481,2,2,1.0
NABIAC,2312,2,2,1.0
NELLIGEN,2536,2,2,1.0
NETHERCOTE,2549,2,2,1.0
NEW PARK,2474,2,2,1.0
NIMBIN,2480,2,2,1.0
NIRIMBA FIELDS,2763,2,2,1.0
NORTH BATEMANS BAY,2536,2,2,1.0
NORTH CASINO,2470,2,2,1.0
NORTH LISMORE,2480,2,2,1.0
NYMBOIDA,2460,2,2,1.0
O'CONNELL,2795,2,2,1.0
OAKLANDS,2646,2,2,1.0
OLD EROWAL BAY,2540,2,2,1.0
ORCHARD HILLS,2748,2,2,1.0
PALMERS ISLAND,2463,2,2,1.0
PARKESBOURNE,2580,2,2,1.0
PATONGA,2256,2,2,1.0
PEARL BEACH,2256,2,2,1.0
PELICAN,2281,2,2,1.0
PILLAR VALLEY,2462,2,2,1.0
PIMLICO,2478,2,2,1.0
RAGLAN,2795,2,2,1.0
RAINBOW FLAT,2430,2,2,1.0
RALEIGH,2454,2,2,1.0
RAMSGATE,2217,2,2,1.0
RAVENSWOOD,2824,2,2,1.0
RED HEAD,2430,2,2,1.0
REGENTVILLE,2745,2,2,1.0
RESERVE CREEK,2484,2,2,1.0
ROBIN HILL,2795,2,2,1.0
ROSEDALE,2536,2,2,1.0
SAFETY BEACH,2456,2,2,1.0
SKENNARS HEAD,2478,2,2,1.0
SMITHTOWN,2440,2,2,1.0
SOUTH GUNDAGAI,2722,2,2,1.0
SOUTH GUYRA,2365,2,2,1.0
SPRINGVALE,2650,2,2,1.0
ST ALBANS,2775,2,2,1.0
ST FILLANS,2850,2,2,1.0
STANWELL TOPS,2508,2,2,1.0
STROUD ROAD,2415,2,2,1.0
SUTTON FOREST,2577,2,2,1.0
SWAN BAY,2471,2,2,1.0
SWEETMANS CREEK,2325,2,2,1.0
TALOFA,2481,2,2,1.0
TAMARAMA,2026,2,2,1.0
TARRAWANNA,2518,2,2,1.0
TENNYSON,2754,2,2,1.0
TENNYSON POINT,2111,2,2,1.0
THE CHANNON,2480,2,2,1.0
THE LAGOON,2795,2,2,1.0
THE ROCK,2655,2,2,1.0
TIRRANNAVILLE,2580,2,2,1.0
TOMAGO,2322,2,2,1.0
TOOTHDALE,2550,2,2,1.0
TORRINGTON,2371,2,2,1.0
TOTTENHAM,2873,2,2,1.0
TREGEAR,2770,2,2,1.0
TUCKOMBIL,2477,2,2,1.0
UNGARIE,2669,2,2,1.0
UPPER BURRINGBAR,2483,2,2,1.0
URANQUINTY,2652,2,2,1.0
VALE OF CLWYDD,2790,2,2,1.0
WAGSTAFFE,2257,2,2,1.0
WALDEGRAVE,2800,2,2,1.0
WALGETT,2832,2,2,1.0
WALLABI POINT,2430,2,2,1.0
WARDELL,2477,2,2,1.0
WARRAL,2340,2,2,1.0
WERRIS CREEK,2341,2,2,1.0
WHALE BEACH,2107,2,2,1.0
WHEELER HEIGHTS,2097,2,2,1.0
WHERROL FLAT,2429,2,2,1.0
WHITE ROCK,2795,2,2,1.0
WILLMOT,2770,2,2,1.0
WINGELLO,2579,2,2,1.0
WINGEN,2337,2,2,1.0
WOLLOMBI,2325,2,2,1.0
WOMBARRA,2515,2,2,1.0
WOMBEYAN CAVES,2580,2,2,1.0
WOODPARK,2164,2,2,1.0
WOOLLAMIA,2540,2,2,1.0
WORONORA HEIGHTS,2233,2,2,1.0
WYEE POINT,2259,2,2,1.0
WYNDHAM,2550,2,2,1.0
YARRAMALONG,2259,2,2,1.0
YARRAVEL,2440,2,2,1.0
YERONG CREEK,2642,2,2,1.0
YOOGALI,2680,2,2,1.0
ABERNETHY,2325,1,1,1.0
ADAMINABY,2629,1,1,1.0
ADELONG,2729,1,1,1.0
AKOLELE,2546,1,1,1.0
ALPINE,2575,1,1,1.0
ANGLEDALE,2550,1,1,1.0
ANGLEDOOL,2834,1,1,1.0
ANGLERS REACH,2629,1,1,1.0
ANGOURIE,2464,1,1,1.0
ARDLETHAN,2665,1,1,1.0
ARGENTON,2284,1,1,1.0
ARIAH PARK,2665,1,1,1.0
ARRAWARRA,2456,1,1,1.0
ASHBY,2463,1,1,1.0
ATTUNGA,2345,1,1,1.0
AUSTRAL EDEN,2440,1,1,1.0
AYLMERTON,2575,1,1,1.0
BACK CREEK,2372,1,1,1.0
BAGOTVILLE,2477,1,1,1.0
BALALA,2358,1,1,1.0
BALMORAL VILLAGE,2571,1,1,1.0
BALRANALD,2715,1,1,1.0
BANGALEE,2541,1,1,1.0
BANKSMEADOW,2019,1,1,1.0
BANNABY,2580,1,1,1.0
BARRENGARRY,2577,1,1,1.0
BARRINGTON,2422,1,1,1.0
BEAUMONT,2577,1,1,1.0
BECTIVE,2340,1,1,1.0
BELIMBLA PARK,2570,1,1,1.0
BENNETTS GREEN,2290,1,1,1.0
BEXHILL,2480,1,1,1.0
BIDDON,2827,1,1,1.0
BILAMBIL,2486,1,1,1.0
BILGOLA BEACH,2107,1,1,1.0
BILPIN,2758,1,1,1.0
BINGIE,2537,1,1,1.0
BINNA BURRA,2479,1,1,1.0
BINNAWAY,2395,1,1,1.0
BLACK HILL,2322,1,1,1.0
BLACK MOUNTAIN,2365,1,1,1.0
BLACK SPRINGS,2787,1,1,1.0
BLAKNEY CREEK,2581,1,1,1.0
BLAXLANDS CREEK,2460,1,1,1.0
BLAXLANDS RIDGE,2758,1,1,1.0
BLUE BAY,2261,1,1,1.0
BLUEYS BEACH,2428,1,1,1.0
BOBS FARM,2316,1,1,1.0
BOCOBLE,2850,1,1,1.0
BOEILL CREEK,2739,1,1,1.0
BOGGABILLA,2409,1,1,1.0
BOLONG,2540,1,1,1.0
BOORABEE PARK,2480,1,1,1.0
BORO,2622,1,1,1.0
BOTOBOLAR,2850,1,1,1.0
BOTTLE CREEK,2469,1,1,1.0
BOX RIDGE,2357,1,1,1.0
BRAUNSTONE,2460,1,1,1.0
BREDBO,2626,1,1,1.0
BREWONGLE,2795,1,1,1.0
BRIBBAREE,2594,1,1,1.0
BRODIES PLAINS,2360,1,1,1.0
BROOKFIELD,2420,1,1,1.0
BROOKLET,2479,1,1,1.0
BROWNS CREEK,2799,1,1,1.0
BRUNGLE,2722,1,1,1.0
BRUSHGROVE,2460,1,1,1.0
BUCCA,2450,1,1,1.0
BUCKETTY,2250,1,1,1.0
BUDGEE BUDGEE,2850,1,1,1.0
BUNGARRIBEE,2767,1,1,1.0
BUNGONIA,2580,1,1,1.0
BUNGOWANNAH,2640,1,1,1.0
BURRAGA,2795,1,1,1.0
BUTTERWICK,2321,1,1,1.0
BYWONG,2621,1,1,1.0
CABARITA BEACH,2488,1,1,1.0
CABBAGE TREE ISLAND,2430,1,1,1.0
CAIRNCROSS,2446,1,1,1.0
CALAMIA,2460,1,1,1.0
CAMBOON,2849,1,1,1.0
CAMDEN HEAD,2443,1,1,1.0
CANADA BAY,2046,1,1,1.0
CAPERTEE,2846,1,1,1.0
CAPTAINS FLAT,2623,1,1,1.0
CARCOAR,2791,1,1,1.0
CARGO,2800,1,1,1.0
CARINDA,2831,1,1,1.0
CARNES HILL,2171,1,1,1.0
CARROLL,2340,1,1,1.0
CARROWBROOK,2330,1,1,1.0
CASSILIS,2329,1,1,1.0
CASTLE ROCK,2333,1,1,1.0
CATTAI,2756,1,1,1.0
CEDAR PARTY,2429,1,1,1.0
CENTRAL TILBA,2546,1,1,1.0
CHARBON,2848,1,1,1.0
CHILCOTTS GRASS,2480,1,1,1.0
CHILLINGHAM,2484,1,1,1.0
CLOVASS,2480,1,1,1.0
COLEAMBALLY,2707,1,1,1.0
COLLINGULLIE,2650,1,1,1.0
COLLINGWOOD,2850,1,1,1.0
COLLY BLUE,2343,1,1,1.0
COLO HEIGHTS,2756,1,1,1.0
CONGEWAI,2325,1,1,1.0
CONGO,2537,1,1,1.0
CONJOLA PARK,2539,1,1,1.0
COOKS GAP,2850,1,1,1.0
COOLAGOLITE,2550,1,1,1.0
COOLANGATTA,2535,1,1,1.0
COOMBA BAY,2428,1,1,1.0
COOTRALANTRA,2628,1,1,1.0
COOYAL,2850,1,1,1.0
COPELAND,2422,1,1,1.0
CORAMBA,2450,1,1,1.0
CORBIE HILL,2705,1,1,1.0
CORNDALE,2480,1,1,1.0
COWPER,2460,1,1,1.0
CRAVEN,2422,1,1,1.0
CROPPA CREEK,2411,1,1,1.0
CUDAL,2864,1,1,1.0
CUMBERLAND REACH,2756,1,1,1.0
CUMNOCK,2867,1,1,1.0
CURL CURL,2096,1,1,1.0
CURLEWIS,2381,1,1,1.0
CURRAWANG,2580,1,1,1.0
DACEYVILLE,2032,1,1,1.0
DARGAN,2786,1,1,1.0
DARUKA,2340,1,1,1.0
DAWES POINT,2000,1,1,1.0
DEEP CREEK,2440,1,1,1.0
DEEPWATER,2371,1,1,1.0
DELUNGRA,2403,1,1,1.0
DENISTONE WEST,2114,1,1,1.0
DEUA RIVER VALLEY,2537,1,1,1.0
DIGGERS CAMP,2462,1,1,1.0
DOBIES BIGHT,2470,1,1,1.0
DOLPHIN POINT,2539,1,1,1.0
DOMBARTON,2530,1,1,1.0
DOON DOON,2484,1,1,1.0
DOORALONG,2259,1,1,1.0
DUCKMALOI,2787,1,1,1.0
DULGUIGAN,2484,1,1,1.0
DUNBIBLE,2484,1,1,1.0
DUNGOWAN,2340,1,1,1.0
DUNOON,2480,1,1,1.0
DUNS CREEK,2321,1,1,1.0
DURANBAH,2487,1,1,1.0
DYERS CROSSING,2429,1,1,1.0
EAST CORAKI,2471,1,1,1.0
EAST JINDABYNE,2627,1,1,1.0
EAST SEAHAM,2324,1,1,1.0
EAST WAGGA WAGGA,2650,1,1,1.0
EASTERN CREEK,2766,1,1,1.0
EDITH,2787,1,1,1.0
ELLENBOROUGH,2446,1,1,1.0
EMERALD HILL,2380,1,1,1.0
ENGLORIE PARK,2560,1,1,1.0
ENVIRONA,2620,1,1,1.0
ERINA HEIGHTS,2260,1,1,1.0
EROWAL BAY,2540,1,1,1.0
ESSINGTON,2787,1,1,1.0
ETTRICK,2474,1,1,1.0
EUABALONG,2877,1,1,1.0
EUCHAREENA,2866,1,1,1.0
EUNGAI CREEK,2441,1,1,1.0
EUROBODALLA,2545,1,1,1.0
EUROKA,2440,1,1,1.0
EUROLEY,2700,1,1,1.0
EWINGSDALE,2481,1,1,1.0
EXETER,2579,1,1,1.0
FAIRY HILL,2470,1,1,1.0
FASSIFERN,2283,1,1,1.0
FAULKLAND,2422,1,1,1.0
FERNMOUNT,2454,1,1,1.0
FERNVALE,2484,1,1,1.0
FIDDLETOWN,2159,1,1,1.0
FIREFLY,2429,1,1,1.0
FISHING POINT,2283,1,1,1.0
FLAT TOPS,2420,1,1,1.0
FOSTERTON,2420,1,1,1.0
FROG ROCK,2850,1,1,1.0
FROGS HOLLOW,2550,1,1,1.0
GARAH,2405,1,1,1.0
GENEVA,2474,1,1,1.0
GERROA,2534,1,1,1.0
GIBBERAGEE,2469,1,1,1.0
GILGAI,2360,1,1,1.0
GLADSTONE,2440,1,1,1.0
GLANMIRE,2795,1,1,1.0
GLENCOE,2365,1,1,1.0
GLENIFFER,2454,1,1,1.0
GLENUGIE,2460,1,1,1.0
GOODMANS FORD,2575,1,1,1.0
GOODWOOD ISLAND,2469,1,1,1.0
GOONENGERRY,2482,1,1,1.0
GRABBEN GULLEN,2583,1,1,1.0
GRADYS CREEK,2474,1,1,1.0
GRAMAN,2360,1,1,1.0
GRATTAI,2850,1,1,1.0
GREAT MARLOW,2460,1,1,1.0
GREEN GULLY,2850,1,1,1.0
GREENDALE,2550,1,1,1.0
GREENLEIGH,2620,1,1,1.0
GUMMA,2447,1,1,1.0
GUNDARY,2580,1,1,1.0
GUNDY,2337,1,1,1.0
GUNNING,2581,1,1,1.0
GUNTAWANG,2852,1,1,1.0
HARDYS BAY,2257,1,1,1.0
HARGRAVES,2850,1,1,1.0
HARTLEY VALE,2790,1,1,1.0
HARWOOD,2465,1,1,1.0
HASTINGS POINT,2489,1,1,1.0
HAYWARDS BAY,2530,1,1,1.0
HEATHERBRAE,2324,1,1,1.0
HECKENBERG,2168,1,1,1.0
HERMITAGE FLAT,2790,1,1,1.0
HILLGROVE,2350,1,1,1.0
HINTON,2321,1,1,1.0
HOBBYS YARDS,2795,1,1,1.0
HOPKINS CREEK,2484,1,1,1.0
HUONBROOK,2482,1,1,1.0
ILARWILL,2463,1,1,1.0
INDI,2642,1,1,1.0
INGEBIRAH,2627,1,1,1.0
INGLESIDE,2101,1,1,1.0
IRVINGTON,2470,1,1,1.0
JAMBEROO,2533,1,1,1.0
JAUNTER,2787,1,1,1.0
JEREMADRA,2536,1,1,1.0
JERSEYVILLE,2431,1,1,1.0
JOADJA,2575,1,1,1.0
JOHNS RIVER,2443,1,1,1.0
KAINS FLAT,2850,1,1,1.0
KANIMBLA,2790,1,1,1.0
KEMPS CREEK,2178,1,1,1.0
KIAMA HEIGHTS,2533,1,1,1.0
KIKIAMAH,2594,1,1,1.0
KILLABAKH,2429,1,1,1.0
KILLAWARRA,2429,1,1,1.0
KILLCARE,2257,1,1,1.0
KILLINGWORTH,2278,1,1,1.0
KINCHELA,2440,1,1,1.0
KINCUMBER SOUTH,2251,1,1,1.0
KINGFISHER SHORES,2259,1,1,1.0
KINGSDALE,2580,1,1,1.0
KINVARA,2478,1,1,1.0
KIORA,2537,1,1,1.0
KOONORIGAN,2480,1,1,1.0
KOORAINGHAT,2430,1,1,1.0
KOTARA SOUTH,2289,1,1,1.0
KUNDIBAKH,2429,1,1,1.0
KUNGHUR,2484,1,1,1.0
KURNELL,2231,1,1,1.0
KYEEMAGH,2216,1,1,1.0
LAKE CARGELLIGO,2672,1,1,1.0
LAKE CONJOLA,2539,1,1,1.0
LAKE GEORGE,2581,1,1,1.0
LAKE INNES,2446,1,1,1.0
LAPSTONE,2773,1,1,1.0
LAUGHTONDALE,2775,1,1,1.0
LEETS VALE,2775,1,1,1.0
LEWIS PONDS,2800,1,1,1.0
LIDSDALE,2790,1,1,1.0
LINBURN,2850,1,1,1.0
LITTLE BILLABONG,2644,1,1,1.0
LITTLE HARTLEY,2790,1,1,1.0
LLANGOTHLIN,2365,1,1,1.0
LOCKHART,2656,1,1,1.0
LOGANS CROSSING,2439,1,1,1.0
LONGREACH,2540,1,1,1.0
LORNE,2439,1,1,1.0
LOWER BELFORD,2335,1,1,1.0
LOWER BORO,2580,1,1,1.0
LOWER CREEK,2440,1,1,1.0
LOWER PEACOCK,2469,1,1,1.0
LOWER PORTLAND,2756,1,1,1.0
MAIANBAR,2230,1,1,1.0
MAIN CREEK,2420,1,1,1.0
MAJORS CREEK,2622,1,1,1.0
MALDON,2571,1,1,1.0
MANGOPLAH,2652,1,1,1.0
MANNING POINT,2430,1,1,1.0
MARLEE,2429,1,1,1.0
MARLO MERRICAN,2441,1,1,1.0
MARYVALE,2820,1,1,1.0
MEADOW FLAT,2795,1,1,1.0
MEDLOW BATH,2780,1,1,1.0
MELINGA,2430,1,1,1.0
MENINDEE,2879,1,1,1.0
MEROO MEADOW,2540,1,1,1.0
MIDDLE ARM,2580,1,1,1.0
MIDDLE BROOK,2337,1,1,1.0
MIDDLE COVE,2068,1,1,1.0
MIDDLE FLAT,2630,1,1,1.0
MILLIE,2397,1,1,1.0
MILLINGANDI,2549,1,1,1.0
MINMI,2287,1,1,1.0
MINNAMURRA,2533,1,1,1.0
MINNIE WATER,2462,1,1,1.0
MINORE,2830,1,1,1.0
MIRADOR,2548,1,1,1.0
MITCHELL,2795,1,1,1.0
MITCHELLS FLAT,2330,1,1,1.0
MITCHELLS ISLAND,2430,1,1,1.0
MOGILLA,2550,1,1,1.0
MONALTRIE,2480,1,1,1.0
MONTEAGLE,2594,1,1,1.0
MONTEFIORES,2820,1,1,1.0
MOOBALL,2483,1,1,1.0
MOONBAH,2627,1,1,1.0
MOONEY MOONEY,2083,1,1,1.0
MOORONG,2650,1,1,1.0
MOPARRABAH,2440,1,1,1.0
MORANS CROSSING,2550,1,1,1.0
MOUNT BURRELL,2484,1,1,1.0
MOUNT MITCHELL,2365,1,1,1.0
MOUNT MURRAY,2577,1,1,1.0
MOUNT OLIVE,2330,1,1,1.0
MOUNT RANKIN,2795,1,1,1.0
MOUNT SEAVIEW,2446,1,1,1.0
MOUNT TOMAH,2758,1,1,1.0
MOUNT VINCENT,2323,1,1,1.0
MOUNT WHITE,2250,1,1,1.0
MULGOA,2745,1,1,1.0
MULLION CREEK,2800,1,1,1.0
MUNGAY CREEK,2440,1,1,1.0
MUNNI,2420,1,1,1.0
MURRAH,2546,1,1,1.0
MURRAY DOWNS,2734,1,1,1.0
MUSCLE CREEK,2333,1,1,1.0
MUTTAMA,2722,1,1,1.0
MYLESTOM,2454,1,1,1.0
MYRTLE MOUNTAIN,2550,1,1,1.0
MYSTERY BAY,2546,1,1,1.0
NATTAI,2570,1,1,1.0
NEATH,2326,1,1,1.0
NELSONS PLAINS,2324,1,1,1.0
NEMINGHA,2340,1,1,1.0
NERICON,2680,1,1,1.0
NERRIGA,2622,1,1,1.0
NEUREA,2820,1,1,1.0
NEW BERRIMA,2577,1,1,1.0
NEW BRIGHTON,2483,1,1,1.0
NEW BUILDINGS,2550,1,1,1.0
NORTH BOURKE,2840,1,1,1.0
NORTH SHORE,2444,1,1,1.0
NORTH WAGGA WAGGA,2650,1,1,1.0
NORTHWOOD,2066,1,1,1.0
NOWENDOC,2354,1,1,1.0
NOWRA HILL,2540,1,1,1.0
NULKABA,2325,1,1,1.0
NULLICA,2551,1,1,1.0
OLD ADAMINABY,2629,1,1,1.0
OLD BONALBO,2469,1,1,1.0
OLD JUNEE,2652,1,1,1.0
ONE MILE,2316,1,1,1.0
ORIENT POINT,2540,1,1,1.0
PADDYS RIVER,2653,1,1,1.0
PALLAMALLAWA,2399,1,1,1.0
PAMPOOLAH,2430,1,1,1.0
PARINGI,2738,1,1,1.0
PAYNES CROSSING,2325,1,1,1.0
PEAK VIEW,2630,1,1,1.0
PELAW MAIN,2327,1,1,1.0
PELTON,2325,1,1,1.0
PEMBROOKE,2446,1,1,1.0
PERTHVILLE,2795,1,1,1.0
PHILLIP BAY,2036,1,1,1.0
PIAMBONG,2850,1,1,1.0
POINTER MOUNTAIN,2539,1,1,1.0
POMONA,2648,1,1,1.0
POTATO POINT,2545,1,1,1.0
PRETTY BEACH,2257,1,1,1.0
PRIMROSE VALLEY,2621,1,1,1.0
PUMPENBIL,2484,1,1,1.0
PUTTY,2330,1,1,1.0
PYREE,2540,1,1,1.0
QUAMBONE,2831,1,1,1.0
RAINBOW REACH,2440,1,1,1.0
RAMORNIE,2460,1,1,1.0
RAND,2642,1,1,1.0
RANNOCK,2701,1,1,1.0
RED ROCK,2456,1,1,1.0
REIDS FLAT,2586,1,1,1.0
RICHMOND HILL,2480,1,1,1.0
RIVERLEA,2850,1,1,1.0
RIVERSIDE,2444,1,1,1.0
ROCK FOREST,2795,1,1,1.0
ROCKY POINT,2259,1,1,1.0
ROOKHURST,2422,1,1,1.0
ROSEBANK,2480,1,1,1.0
ROSEWOOD,2446,1,1,1.0
ROUND MOUNTAIN,2484,1,1,1.0
ROUS,2477,1,1,1.0
ROUS MILL,2477,1,1,1.0
RUN-O-WATERS,2580,1,1,1.0
RUSHFORTH,2460,1,1,1.0
SACKVILLE,2756,1,1,1.0
SALT ASH,2318,1,1,1.0
SAN ISIDORE,2650,1,1,1.0
SANCROX,2446,1,1,1.0
SANDILANDS,2469,1,1,1.0
SANDY HOLLOW,2333,1,1,1.0
SANDY POINT,2172,1,1,1.0
SAWYERS GULLY,2326,1,1,1.0
SEAHAM,2324,1,1,1.0
SHANES PARK,2747,1,1,1.0
SHANNON BROOK,2470,1,1,1.0
SKINNERS SHOOT,2481,1,1,1.0
SMEATON GRANGE,2567,1,1,1.0
SMITHS CREEK,2484,1,1,1.0
SOFALA,2795,1,1,1.0
SOUTH GOLDEN BEACH,2483,1,1,1.0
SOUTH MAROOTA,2756,1,1,1.0
SOUTH PAMBULA,2549,1,1,1.0
SPENCER,2775,1,1,1.0
SPLITTERS CREEK,2640,1,1,1.0
SPRING FLAT,2850,1,1,1.0
SPRING HILL,2800,1,1,1.0
SPRINGSIDE,2800,1,1,1.0
STEWARTS BROOK,2337,1,1,1.0
STOCKINBINGAL,2725,1,1,1.0
STOKERS SIDING,2484,1,1,1.0
STONEHENGE,2370,1,1,1.0
STONY CREEK,2550,1,1,1.0
STRATFORD,2422,1,1,1.0
STUART TOWN,2820,1,1,1.0
STUARTS POINT,2441,1,1,1.0
STUBBO,2852,1,1,1.0
SUMMER HILL CREEK,2800,1,1,1.0
SUNNY CORNER,2795,1,1,1.0
SUNSHINE,2264,1,1,1.0
SWANHAVEN,2540,1,1,1.0
SWANSEA HEADS,2281,1,1,1.0
TABULAM,2469,1,1,1.0
TACOMA,2259,1,1,1.0
TANJA,2550,1,1,1.0
TANTAWANGALO,2550,1,1,1.0
TAPITALLEE,2540,1,1,1.0
TARALGA,2580,1,1,1.0
TARBAN,2372,1,1,1.0
TARBUCK BAY,2428,1,1,1.0
TARRO,2322,1,1,1.0
THE BRANCH,2425,1,1,1.0
THE JUNCTION,2291,1,1,1.0
THE WHITEMAN,2460,1,1,1.0
THERESA PARK,2570,1,1,1.0
TIGHES HILL,2297,1,1,1.0
TOMINGLEY,2869,1,1,1.0
TOORAWEENAH,2817,1,1,1.0
TORRYBURN,2421,1,1,1.0
TRUNDLE,2875,1,1,1.0
TUBBUL,2594,1,1,1.0
TUCABIA,2462,1,1,1.0
TUCKURIMBA,2480,1,1,1.0
TULLAMORE,2874,1,1,1.0
TWENTY FORESTS,2795,1,1,1.0
TYALGUM,2484,1,1,1.0
UKI,2484,1,1,1.0
ULMARRA,2462,1,1,1.0
UPPER CORINDI,2456,1,1,1.0
UPPER DARTBROOK,2336,1,1,1.0
UPPER HORSESHOE CREEK,2474,1,1,1.0
UPPER KANGAROO RIVER,2577,1,1,1.0
UPPER ORARA,2450,1,1,1.0
UPPER TAYLORS ARM,2447,1,1,1.0
URALBA,2477,1,1,1.0
URLIUP,2484,1,1,1.0
VALLA,2448,1,1,1.0
WADEVILLE,2474,1,1,1.0
WALLACIA,2745,1,1,1.0
WALLANGRA,2360,1,1,1.0
WALLAROO,2618,1,1,1.0
WANDANDIAN,2540,1,1,1.0
WAREEMBA,2046,1,1,1.0
WATERFALL,2233,1,1,1.0
WATSONS BAY,2030,1,1,1.0
WATTLE FLAT,2795,1,1,1.0
WATTLE PONDS,2330,1,1,1.0
WATTLE SPRINGS,2357,1,1,1.0
WAY WAY,2447,1,1,1.0
WAYO,2580,1,1,1.0
WEST CORAKI,2471,1,1,1.0
WEST HAVEN,2443,1,1,1.0
WESTBROOK,2330,1,1,1.0
WHITE CLIFFS,2836,1,1,1.0
WHITTINGHAM,2330,1,1,1.0
WILCANNIA,2836,1,1,1.0
WILDES MEADOW,2577,1,1,1.0
WILLAWARRIN,2440,1,1,1.0
WILLI WILLI,2440,1,1,1.0
WILLIAMTOWN,2318,1,1,1.0
WILLOW TREE,2339,1,1,1.0
WILSONS CREEK,2482,1,1,1.0
WIMBLEDON,2795,1,1,1.0
WINDELLA,2320,1,1,1.0
WINDERA,2800,1,1,1.0
WINDSOR DOWNS,2756,1,1,1.0
WITTITRIN,2440,1,1,1.0
WOLLOGORANG,2581,1,1,1.0
WOLLOMOMBI,2350,1,1,1.0
WOODENBONG,2476,1,1,1.0
WOODFORD,2778,1,1,1.0
WOODRISING,2284,1,1,1.0
WOODSIDE,2372,1,1,1.0
WOOLBROOK,2354,1,1,1.0
WOOLI,2462,1,1,1.0
WOOLOMIN,2340,1,1,1.0
WOOLOWEYAH,2464,1,1,1.0
WOOMARGAMA,2644,1,1,1.0
WOOTTON,2423,1,1,1.0
WOOYUNG,2483,1,1,1.0
WYANGLE,2720,1,1,1.0
WYBONG,2333,1,1,1.0
WYRALLAH,2480,1,1,1.0
YARRANBELLA,2447,1,1,1.0
YARRAWA,2328,1,1,1.0
YARRAWONGA,2850,1,1,1.0
YARRIE LAKE,2388,1,1,1.0
YARROWITCH,2354,1,1,1.0
YASS RIVER,2582,1,1,1.0
YATTALUNGA,2251,1,1,1.0
YEOVAL,2868,1,1,1.0
YERRANDERIE,2787,1,1,1.0
YORKLEA,2470,1,1,1.0
MAYFIELD,2304,28,30,0.9333333333333333
GREEN POINT,2251,13,14,0.9285714285714286
KINGSWOOD,2747,34,39,0.8717948717948718
BOAT HARBOUR,2316,6,7,0.8571428571428571
LILLI PILLI,2229,4,7,0.5714285714285714
SILVERWATER,2128,3,6,0.5
DARLINGTON,2008,2,4,0.5
LAMBS VALLEY,2335,1,2,0.5
